Person1,person1@gmail.com,97699732518,KGF,300,5,02-01-2023,23:59:28
Person2,person2@gmail.com,95051821737,Radhe,300,10,02-01-2023,23:59:28
Person3,person3@gmail.com,96251336549,Super 30,250,20,02-01-2023,23:59:28
Person4,person4@gmail.com,92330227237,KGF,300,5,02-01-2023,23:59:28
Person5,person5@gmail.com,99993826151,Radhe,300,10,02-01-2023,23:59:28
Person6,person6@gmail.com,96021154275,Avatar,400,0,02-01-2023,23:59:28
Person7,person7@gmail.com,97922801392,Radhe,300,10,02-01-2023,23:59:28
Person8,person8@gmail.com,99977388532,Brahmastra,350,12,02-01-2023,23:59:28
Person9,person9@gmail.com,93398398817,ABCD,250,15,02-01-2023,23:59:28
Person10,person10@gmail.com,93191029023,Super 30,250,20,02-01-2023,23:59:28
Person11,person11@gmail.com,92757961962,ABCD,250,15,02-01-2023,23:59:28
Person12,person12@gmail.com,97899738544,Circus,500,20,02-01-2023,23:59:28
Person13,person13@gmail.com,94664915022,Brahmastra,350,12,02-01-2023,23:59:28
Person14,person14@gmail.com,91903721907,Pushpa,200,25,02-01-2023,23:59:28
Person15,person15@gmail.com,91871759254,Pushpa,200,25,02-01-2023,23:59:28
Person16,person16@gmail.com,99626826265,Radhe,300,10,02-01-2023,23:59:28
Person17,person17@gmail.com,92398077005,Circus,500,20,02-01-2023,23:59:28
Person18,person18@gmail.com,96662064024,Radhe,300,10,02-01-2023,23:59:28
Person19,person19@gmail.com,97137419080,KGF,300,5,02-01-2023,23:59:28
Person20,person20@gmail.com,94618580420,ABCD,250,15,02-01-2023,23:59:28
Person21,person21@gmail.com,97396915975,Avatar,400,0,02-01-2023,23:59:28
Person22,person22@gmail.com,98849501171,ABCD,250,15,02-01-2023,23:59:28
Person23,person23@gmail.com,95746944080,3 Idiots,200,0,02-01-2023,23:59:28
Person24,person24@gmail.com,94875724048,Super 30,250,20,02-01-2023,23:59:28
Person25,person25@gmail.com,98258224020,Avatar,400,0,02-01-2023,23:59:28
Person26,person26@gmail.com,94029573825,Avatar,400,0,02-01-2023,23:59:28
Person27,person27@gmail.com,95578745650,Circus,500,20,02-01-2023,23:59:28
Person28,person28@gmail.com,98381898844,3 Idiots,200,0,02-01-2023,23:59:28
Person29,person29@gmail.com,95138016073,Pushpa,200,25,02-01-2023,23:59:28
Person30,person30@gmail.com,91921632108,Super 30,250,20,02-01-2023,23:59:28
Person31,person31@gmail.com,92074277500,Super 30,250,20,02-01-2023,23:59:28
Person32,person32@gmail.com,94791053878,Brahmastra,350,12,02-01-2023,23:59:28
Person33,person33@gmail.com,91756343967,KGF,300,5,02-01-2023,23:59:28
Person34,person34@gmail.com,96838879663,KGF,300,5,02-01-2023,23:59:28
Person35,person35@gmail.com,96700051644,Pushpa,200,25,02-01-2023,23:59:28
Person36,person36@gmail.com,99860826580,3 Idiots,200,0,02-01-2023,23:59:28
Person37,person37@gmail.com,96473118457,Avatar,400,0,02-01-2023,23:59:28
Person38,person38@gmail.com,95732451437,Avatar,400,0,02-01-2023,23:59:28
Person39,person39@gmail.com,97907172181,Super 30,250,20,02-01-2023,23:59:28
Person40,person40@gmail.com,91523441080,Brahmastra,350,12,02-01-2023,23:59:28
Person41,person41@gmail.com,98118072241,Super 30,250,20,02-01-2023,23:59:28
Person42,person42@gmail.com,91609101482,Circus,500,20,02-01-2023,23:59:28
Person43,person43@gmail.com,92040714012,ABCD,250,15,02-01-2023,23:59:28
Person44,person44@gmail.com,94251819990,Brahmastra,350,12,02-01-2023,23:59:28
Person45,person45@gmail.com,96068624195,Bhediya,150,10,02-01-2023,23:59:28
Person46,person46@gmail.com,94319200947,Brahmastra,350,12,02-01-2023,23:59:28
Person47,person47@gmail.com,96755138697,Super 30,250,20,02-01-2023,23:59:28
Person48,person48@gmail.com,97248433515,Bhediya,150,10,02-01-2023,23:59:28
Person49,person49@gmail.com,94229838942,Super 30,250,20,02-01-2023,23:59:28
Person50,person50@gmail.com,98393180289,Pushpa,200,25,02-01-2023,23:59:28
Person51,person51@gmail.com,99809141020,Bhediya,150,10,02-01-2023,23:59:28
Person52,person52@gmail.com,95420667877,Super 30,250,20,02-01-2023,23:59:28
Person53,person53@gmail.com,92529546404,Radhe,300,10,02-01-2023,23:59:28
Person54,person54@gmail.com,92341905577,3 Idiots,200,0,02-01-2023,23:59:28
Person55,person55@gmail.com,92162253155,Pushpa,200,25,02-01-2023,23:59:28
Person56,person56@gmail.com,99575717679,KGF,300,5,02-01-2023,23:59:28
Person57,person57@gmail.com,99227496676,Radhe,300,10,02-01-2023,23:59:28
Person58,person58@gmail.com,97034075188,3 Idiots,200,0,02-01-2023,23:59:28
Person59,person59@gmail.com,96899699783,ABCD,250,15,02-01-2023,23:59:28
Person60,person60@gmail.com,94786847531,ABCD,250,15,02-01-2023,23:59:28
Person61,person61@gmail.com,97014780071,Radhe,300,10,02-01-2023,23:59:28
Person62,person62@gmail.com,93787985280,Radhe,300,10,02-01-2023,23:59:28
Person63,person63@gmail.com,93607445784,Avatar,400,0,02-01-2023,23:59:28
Person64,person64@gmail.com,96946298060,3 Idiots,200,0,02-01-2023,23:59:28
Person65,person65@gmail.com,91652501634,Avatar,400,0,02-01-2023,23:59:28
Person66,person66@gmail.com,98735475118,KGF,300,5,02-01-2023,23:59:28
Person67,person67@gmail.com,96334570579,Circus,500,20,02-01-2023,23:59:28
Person68,person68@gmail.com,91172987242,Pushpa,200,25,02-01-2023,23:59:28
Person69,person69@gmail.com,92966829394,ABCD,250,15,02-01-2023,23:59:28
Person70,person70@gmail.com,93880629668,3 Idiots,200,0,02-01-2023,23:59:28
Person71,person71@gmail.com,91354088857,ABCD,250,15,02-01-2023,23:59:28
Person72,person72@gmail.com,98900829776,3 Idiots,200,0,02-01-2023,23:59:28
Person73,person73@gmail.com,92255296296,3 Idiots,200,0,02-01-2023,23:59:28
Person74,person74@gmail.com,96432506012,Avatar,400,0,02-01-2023,23:59:28
Person75,person75@gmail.com,96801577949,KGF,300,5,02-01-2023,23:59:28
Person76,person76@gmail.com,93320281173,Super 30,250,20,02-01-2023,23:59:28
Person77,person77@gmail.com,95962041672,Pushpa,200,25,02-01-2023,23:59:28
Person78,person78@gmail.com,94538136894,Super 30,250,20,02-01-2023,23:59:28
Person79,person79@gmail.com,98346561004,ABCD,250,15,02-01-2023,23:59:28
Person80,person80@gmail.com,93109010954,Pushpa,200,25,02-01-2023,23:59:28
Person81,person81@gmail.com,96719104940,Avatar,400,0,02-01-2023,23:59:28
Person82,person82@gmail.com,92117287120,Super 30,250,20,02-01-2023,23:59:28
Person83,person83@gmail.com,99341360435,Pushpa,200,25,02-01-2023,23:59:28
Person84,person84@gmail.com,92227082437,Avatar,400,0,02-01-2023,23:59:28
Person85,person85@gmail.com,99120329867,Bhediya,150,10,02-01-2023,23:59:28
Person86,person86@gmail.com,92162878526,Avatar,400,0,02-01-2023,23:59:28
Person87,person87@gmail.com,96129452283,Avatar,400,0,02-01-2023,23:59:28
Person88,person88@gmail.com,95155143891,Avatar,400,0,02-01-2023,23:59:28
Person89,person89@gmail.com,99689535893,KGF,300,5,02-01-2023,23:59:28
Person90,person90@gmail.com,96616522414,Radhe,300,10,02-01-2023,23:59:28
Person91,person91@gmail.com,93983676677,3 Idiots,200,0,02-01-2023,23:59:28
Person92,person92@gmail.com,91874802445,3 Idiots,200,0,02-01-2023,23:59:28
Person93,person93@gmail.com,96906169053,Radhe,300,10,02-01-2023,23:59:28
Person94,person94@gmail.com,98086274502,Circus,500,20,02-01-2023,23:59:28
Person95,person95@gmail.com,97214287809,ABCD,250,15,02-01-2023,23:59:28
Person96,person96@gmail.com,97547983438,Circus,500,20,02-01-2023,23:59:28
Person97,person97@gmail.com,97027913714,Radhe,300,10,02-01-2023,23:59:28
Person98,person98@gmail.com,99973912961,Super 30,250,20,02-01-2023,23:59:28
Person99,person99@gmail.com,95286899130,KGF,300,5,02-01-2023,23:59:28
Person100,person100@gmail.com,93773677610,KGF,300,5,02-01-2023,23:59:28
Person101,person101@gmail.com,93703811014,Avatar,400,0,02-01-2023,23:59:28
Person102,person102@gmail.com,91816538853,ABCD,250,15,02-01-2023,23:59:28
Person103,person103@gmail.com,94751511140,Bhediya,150,10,02-01-2023,23:59:28
Person104,person104@gmail.com,99088468765,Bhediya,150,10,02-01-2023,23:59:28
Person105,person105@gmail.com,95644593019,KGF,300,5,02-01-2023,23:59:28
Person106,person106@gmail.com,95321399395,Avatar,400,0,02-01-2023,23:59:28
Person107,person107@gmail.com,95583877381,Radhe,300,10,02-01-2023,23:59:28
Person108,person108@gmail.com,96803789694,Pushpa,200,25,02-01-2023,23:59:28
Person109,person109@gmail.com,97796722582,3 Idiots,200,0,02-01-2023,23:59:28
Person110,person110@gmail.com,93196829343,Circus,500,20,02-01-2023,23:59:28
Person111,person111@gmail.com,91901898227,Brahmastra,350,12,02-01-2023,23:59:28
Person112,person112@gmail.com,91716105690,ABCD,250,15,02-01-2023,23:59:28
Person113,person113@gmail.com,98512452732,KGF,300,5,02-01-2023,23:59:28
Person114,person114@gmail.com,95332955195,Avatar,400,0,02-01-2023,23:59:28
Person115,person115@gmail.com,98819391826,Super 30,250,20,02-01-2023,23:59:28
Person116,person116@gmail.com,95079611385,Bhediya,150,10,02-01-2023,23:59:28
Person117,person117@gmail.com,93209826849,ABCD,250,15,02-01-2023,23:59:28
Person118,person118@gmail.com,96409668155,Avatar,400,0,02-01-2023,23:59:28
Person119,person119@gmail.com,99171549037,Super 30,250,20,02-01-2023,23:59:28
Person120,person120@gmail.com,97105804991,Avatar,400,0,02-01-2023,23:59:28
Person121,person121@gmail.com,95908802242,Radhe,300,10,02-01-2023,23:59:28
Person122,person122@gmail.com,99274766348,Pushpa,200,25,02-01-2023,23:59:28
Person123,person123@gmail.com,98274598845,ABCD,250,15,02-01-2023,23:59:28
Person124,person124@gmail.com,93318524300,Radhe,300,10,02-01-2023,23:59:28
Person125,person125@gmail.com,96780081836,3 Idiots,200,0,02-01-2023,23:59:28
Person126,person126@gmail.com,98198099044,Radhe,300,10,02-01-2023,23:59:28
Person127,person127@gmail.com,94047224916,Circus,500,20,02-01-2023,23:59:28
Person128,person128@gmail.com,94750084961,Bhediya,150,10,02-01-2023,23:59:28
Person129,person129@gmail.com,92068340487,Circus,500,20,02-01-2023,23:59:28
Person130,person130@gmail.com,93898792576,Bhediya,150,10,02-01-2023,23:59:28
Person131,person131@gmail.com,94370116923,Super 30,250,20,02-01-2023,23:59:28
Person132,person132@gmail.com,95440243161,ABCD,250,15,02-01-2023,23:59:28
Person133,person133@gmail.com,99521498858,Super 30,250,20,02-01-2023,23:59:28
Person134,person134@gmail.com,97873306305,ABCD,250,15,02-01-2023,23:59:28
Person135,person135@gmail.com,97239398266,Super 30,250,20,02-01-2023,23:59:28
Person136,person136@gmail.com,97426464720,Circus,500,20,02-01-2023,23:59:28
Person137,person137@gmail.com,98706042233,3 Idiots,200,0,02-01-2023,23:59:28
Person138,person138@gmail.com,97690884686,ABCD,250,15,02-01-2023,23:59:28
Person139,person139@gmail.com,99421090701,Pushpa,200,25,02-01-2023,23:59:28
Person140,person140@gmail.com,94064288481,Pushpa,200,25,02-01-2023,23:59:28
Person141,person141@gmail.com,98435497278,Avatar,400,0,02-01-2023,23:59:28
Person142,person142@gmail.com,96836370804,Bhediya,150,10,02-01-2023,23:59:28
Person143,person143@gmail.com,94839986186,Avatar,400,0,02-01-2023,23:59:28
Person144,person144@gmail.com,96652090093,Circus,500,20,02-01-2023,23:59:28
Person145,person145@gmail.com,98303945329,3 Idiots,200,0,02-01-2023,23:59:28
Person146,person146@gmail.com,99834695853,Radhe,300,10,02-01-2023,23:59:28
Person147,person147@gmail.com,92153264042,Circus,500,20,02-01-2023,23:59:28
Person148,person148@gmail.com,99432013253,ABCD,250,15,02-01-2023,23:59:28
Person149,person149@gmail.com,98217709944,Circus,500,20,02-01-2023,23:59:28
Person150,person150@gmail.com,98555813185,ABCD,250,15,02-01-2023,23:59:28
Person151,person151@gmail.com,99284720254,Super 30,250,20,02-01-2023,23:59:28
Person152,person152@gmail.com,94861555403,Circus,500,20,02-01-2023,23:59:28
Person153,person153@gmail.com,95459618671,Avatar,400,0,02-01-2023,23:59:28
Person154,person154@gmail.com,98410081251,Bhediya,150,10,02-01-2023,23:59:28
Person155,person155@gmail.com,92511574468,Bhediya,150,10,02-01-2023,23:59:28
Person156,person156@gmail.com,92733458396,KGF,300,5,02-01-2023,23:59:28
Person157,person157@gmail.com,96217197883,Circus,500,20,02-01-2023,23:59:28
Person158,person158@gmail.com,91498205819,Super 30,250,20,02-01-2023,23:59:28
Person159,person159@gmail.com,92475143216,Pushpa,200,25,02-01-2023,23:59:28
Person160,person160@gmail.com,98560882037,Super 30,250,20,02-01-2023,23:59:28
Person161,person161@gmail.com,99387054639,KGF,300,5,02-01-2023,23:59:28
Person162,person162@gmail.com,97215408055,Bhediya,150,10,02-01-2023,23:59:28
Person163,person163@gmail.com,91021957429,Radhe,300,10,02-01-2023,23:59:28
Person164,person164@gmail.com,91393165324,Brahmastra,350,12,02-01-2023,23:59:28
Person165,person165@gmail.com,91371766958,Radhe,300,10,02-01-2023,23:59:28
Person166,person166@gmail.com,92927235101,ABCD,250,15,02-01-2023,23:59:28
Person167,person167@gmail.com,91512863335,Radhe,300,10,02-01-2023,23:59:28
Person168,person168@gmail.com,93191541829,Brahmastra,350,12,02-01-2023,23:59:28
Person169,person169@gmail.com,92308976655,Avatar,400,0,02-01-2023,23:59:28
Person170,person170@gmail.com,99720186868,Super 30,250,20,02-01-2023,23:59:28
Person171,person171@gmail.com,99011286812,Pushpa,200,25,02-01-2023,23:59:28
Person172,person172@gmail.com,92010489257,Radhe,300,10,02-01-2023,23:59:28
Person173,person173@gmail.com,96217204065,Circus,500,20,02-01-2023,23:59:28
Person174,person174@gmail.com,98518904047,Bhediya,150,10,02-01-2023,23:59:28
Person175,person175@gmail.com,91265636126,Circus,500,20,02-01-2023,23:59:28
Person176,person176@gmail.com,93479929543,3 Idiots,200,0,02-01-2023,23:59:28
Person177,person177@gmail.com,92804634004,3 Idiots,200,0,02-01-2023,23:59:28
Person178,person178@gmail.com,96682444263,Bhediya,150,10,02-01-2023,23:59:28
Person179,person179@gmail.com,96952606328,Super 30,250,20,02-01-2023,23:59:28
Person180,person180@gmail.com,92070649138,Brahmastra,350,12,02-01-2023,23:59:28
Person181,person181@gmail.com,93285792683,Bhediya,150,10,02-01-2023,23:59:28
Person182,person182@gmail.com,98533718646,Pushpa,200,25,02-01-2023,23:59:28
Person183,person183@gmail.com,94934694542,KGF,300,5,02-01-2023,23:59:28
Person184,person184@gmail.com,94796287828,Bhediya,150,10,02-01-2023,23:59:28
Person185,person185@gmail.com,93871148814,Bhediya,150,10,02-01-2023,23:59:28
Person186,person186@gmail.com,93190003633,KGF,300,5,02-01-2023,23:59:28
Person187,person187@gmail.com,91020721628,Bhediya,150,10,02-01-2023,23:59:28
Person188,person188@gmail.com,93613515838,Bhediya,150,10,02-01-2023,23:59:28
Person189,person189@gmail.com,95888013893,Radhe,300,10,02-01-2023,23:59:28
Person190,person190@gmail.com,96877530346,3 Idiots,200,0,02-01-2023,23:59:28
Person191,person191@gmail.com,94748975273,ABCD,250,15,02-01-2023,23:59:28
Person192,person192@gmail.com,97250271588,Circus,500,20,02-01-2023,23:59:28
Person193,person193@gmail.com,91136707933,Circus,500,20,02-01-2023,23:59:28
Person194,person194@gmail.com,98269211069,KGF,300,5,02-01-2023,23:59:28
Person195,person195@gmail.com,92081639170,ABCD,250,15,02-01-2023,23:59:28
Person196,person196@gmail.com,94924156407,Circus,500,20,02-01-2023,23:59:28
Person197,person197@gmail.com,93478464794,Brahmastra,350,12,02-01-2023,23:59:28
Person198,person198@gmail.com,91141828885,KGF,300,5,02-01-2023,23:59:28
Person199,person199@gmail.com,96167603432,Brahmastra,350,12,02-01-2023,23:59:28
Person200,person200@gmail.com,94585591608,Pushpa,200,25,02-01-2023,23:59:28
Person201,person201@gmail.com,91978668401,KGF,300,5,02-01-2023,23:59:28
Person202,person202@gmail.com,99217706941,Avatar,400,0,02-01-2023,23:59:28
Person203,person203@gmail.com,99007572651,Bhediya,150,10,02-01-2023,23:59:28
Person204,person204@gmail.com,93659477295,Radhe,300,10,02-01-2023,23:59:28
Person205,person205@gmail.com,94874588897,Bhediya,150,10,02-01-2023,23:59:28
Person206,person206@gmail.com,91376746356,Brahmastra,350,12,02-01-2023,23:59:28
Person207,person207@gmail.com,99246773734,3 Idiots,200,0,02-01-2023,23:59:28
Person208,person208@gmail.com,95820471072,Circus,500,20,02-01-2023,23:59:28
Person209,person209@gmail.com,98838211892,Super 30,250,20,02-01-2023,23:59:28
Person210,person210@gmail.com,92208970210,Super 30,250,20,02-01-2023,23:59:28
Person211,person211@gmail.com,92058276524,Brahmastra,350,12,02-01-2023,23:59:28
Person212,person212@gmail.com,95004633485,KGF,300,5,02-01-2023,23:59:28
Person213,person213@gmail.com,98342022689,3 Idiots,200,0,02-01-2023,23:59:28
Person214,person214@gmail.com,96727971510,Radhe,300,10,02-01-2023,23:59:28
Person215,person215@gmail.com,99827347039,3 Idiots,200,0,02-01-2023,23:59:28
Person216,person216@gmail.com,93410549033,Bhediya,150,10,02-01-2023,23:59:28
Person217,person217@gmail.com,94828096902,Super 30,250,20,02-01-2023,23:59:28
Person218,person218@gmail.com,94150265191,Brahmastra,350,12,02-01-2023,23:59:28
Person219,person219@gmail.com,98670110836,3 Idiots,200,0,02-01-2023,23:59:28
Person220,person220@gmail.com,96890682908,3 Idiots,200,0,02-01-2023,23:59:28
Person221,person221@gmail.com,96514935717,Brahmastra,350,12,02-01-2023,23:59:28
Person222,person222@gmail.com,92169538102,ABCD,250,15,02-01-2023,23:59:28
Person223,person223@gmail.com,95463748975,Circus,500,20,02-01-2023,23:59:28
Person224,person224@gmail.com,94060579853,Avatar,400,0,02-01-2023,23:59:28
Person225,person225@gmail.com,97887904936,Super 30,250,20,02-01-2023,23:59:28
Person226,person226@gmail.com,94996267767,Super 30,250,20,02-01-2023,23:59:28
Person227,person227@gmail.com,97237563917,Radhe,300,10,02-01-2023,23:59:28
Person228,person228@gmail.com,97747302337,Brahmastra,350,12,02-01-2023,23:59:28
Person229,person229@gmail.com,98275116605,Super 30,250,20,02-01-2023,23:59:28
Person230,person230@gmail.com,96538970069,Circus,500,20,02-01-2023,23:59:28
Person231,person231@gmail.com,95090839662,Bhediya,150,10,02-01-2023,23:59:28
Person232,person232@gmail.com,94146407373,Pushpa,200,25,02-01-2023,23:59:28
Person233,person233@gmail.com,91088050859,ABCD,250,15,02-01-2023,23:59:28
Person234,person234@gmail.com,99093275354,ABCD,250,15,02-01-2023,23:59:28
Person235,person235@gmail.com,98760949044,Brahmastra,350,12,02-01-2023,23:59:28
Person236,person236@gmail.com,93195085792,Brahmastra,350,12,02-01-2023,23:59:28
Person237,person237@gmail.com,92282377356,Super 30,250,20,02-01-2023,23:59:28
Person238,person238@gmail.com,93165274172,Pushpa,200,25,02-01-2023,23:59:28
Person239,person239@gmail.com,96943587419,Brahmastra,350,12,02-01-2023,23:59:28
Person240,person240@gmail.com,98342417320,Bhediya,150,10,02-01-2023,23:59:28
Person241,person241@gmail.com,91033240857,Radhe,300,10,02-01-2023,23:59:28
Person242,person242@gmail.com,98249964001,Circus,500,20,02-01-2023,23:59:28
Person243,person243@gmail.com,93030175530,Super 30,250,20,02-01-2023,23:59:28
Person244,person244@gmail.com,95508169114,Pushpa,200,25,02-01-2023,23:59:28
Person245,person245@gmail.com,94990723675,Pushpa,200,25,02-01-2023,23:59:28
Person246,person246@gmail.com,92899637843,Super 30,250,20,02-01-2023,23:59:28
Person247,person247@gmail.com,91155816282,ABCD,250,15,02-01-2023,23:59:28
Person248,person248@gmail.com,92307890791,Bhediya,150,10,02-01-2023,23:59:28
Person249,person249@gmail.com,91339358400,Radhe,300,10,02-01-2023,23:59:28
Person250,person250@gmail.com,91147091164,Brahmastra,350,12,02-01-2023,23:59:28
Person251,person251@gmail.com,96410709756,Pushpa,200,25,02-01-2023,23:59:28
Person252,person252@gmail.com,95468746058,Bhediya,150,10,02-01-2023,23:59:28
Person253,person253@gmail.com,98770783693,Avatar,400,0,02-01-2023,23:59:28
Person254,person254@gmail.com,98919164096,KGF,300,5,02-01-2023,23:59:28
Person255,person255@gmail.com,91480568620,Circus,500,20,02-01-2023,23:59:28
Person256,person256@gmail.com,95289987113,ABCD,250,15,02-01-2023,23:59:28
Person257,person257@gmail.com,94423585053,Radhe,300,10,02-01-2023,23:59:28
Person258,person258@gmail.com,96762581434,Circus,500,20,02-01-2023,23:59:28
Person259,person259@gmail.com,96988253635,Avatar,400,0,02-01-2023,23:59:28
Person260,person260@gmail.com,95057910841,3 Idiots,200,0,02-01-2023,23:59:28
Person261,person261@gmail.com,96666505636,Bhediya,150,10,02-01-2023,23:59:28
Person262,person262@gmail.com,92426179576,Avatar,400,0,02-01-2023,23:59:28
Person263,person263@gmail.com,92984335950,Super 30,250,20,02-01-2023,23:59:28
Person264,person264@gmail.com,92415080043,3 Idiots,200,0,02-01-2023,23:59:28
Person265,person265@gmail.com,98128016510,KGF,300,5,02-01-2023,23:59:28
Person266,person266@gmail.com,93537794226,Radhe,300,10,02-01-2023,23:59:28
Person267,person267@gmail.com,98813467821,3 Idiots,200,0,02-01-2023,23:59:28
Person268,person268@gmail.com,97133282821,ABCD,250,15,02-01-2023,23:59:28
Person269,person269@gmail.com,98326195482,Super 30,250,20,02-01-2023,23:59:28
Person270,person270@gmail.com,92953761440,Bhediya,150,10,02-01-2023,23:59:28
Person271,person271@gmail.com,99854702608,ABCD,250,15,02-01-2023,23:59:28
Person272,person272@gmail.com,91735341985,KGF,300,5,02-01-2023,23:59:28
Person273,person273@gmail.com,93095177535,ABCD,250,15,02-01-2023,23:59:28
Person274,person274@gmail.com,96354497205,Radhe,300,10,02-01-2023,23:59:28
Person275,person275@gmail.com,97987823552,KGF,300,5,02-01-2023,23:59:28
Person276,person276@gmail.com,94619048717,Radhe,300,10,02-01-2023,23:59:28
Person277,person277@gmail.com,96403579751,Pushpa,200,25,02-01-2023,23:59:28
Person278,person278@gmail.com,95349752492,KGF,300,5,02-01-2023,23:59:28
Person279,person279@gmail.com,97709947743,3 Idiots,200,0,02-01-2023,23:59:28
Person280,person280@gmail.com,98560041487,ABCD,250,15,02-01-2023,23:59:28
Person281,person281@gmail.com,96783148414,Super 30,250,20,02-01-2023,23:59:28
Person282,person282@gmail.com,94539152697,Circus,500,20,02-01-2023,23:59:28
Person283,person283@gmail.com,94212654178,Pushpa,200,25,02-01-2023,23:59:28
Person284,person284@gmail.com,94622431881,3 Idiots,200,0,02-01-2023,23:59:28
Person285,person285@gmail.com,97268532955,Super 30,250,20,02-01-2023,23:59:28
Person286,person286@gmail.com,91564762231,Radhe,300,10,02-01-2023,23:59:28
Person287,person287@gmail.com,92669146133,Radhe,300,10,02-01-2023,23:59:28
Person288,person288@gmail.com,91251796451,3 Idiots,200,0,02-01-2023,23:59:28
Person289,person289@gmail.com,93956700752,ABCD,250,15,02-01-2023,23:59:28
Person290,person290@gmail.com,91400077103,Avatar,400,0,02-01-2023,23:59:28
Person291,person291@gmail.com,99485828788,Brahmastra,350,12,02-01-2023,23:59:28
Person292,person292@gmail.com,96883436115,ABCD,250,15,02-01-2023,23:59:28
Person293,person293@gmail.com,96432621516,ABCD,250,15,02-01-2023,23:59:28
Person294,person294@gmail.com,98048723425,3 Idiots,200,0,02-01-2023,23:59:28
Person295,person295@gmail.com,92871763760,Circus,500,20,02-01-2023,23:59:28
Person296,person296@gmail.com,95601734364,KGF,300,5,02-01-2023,23:59:28
Person297,person297@gmail.com,92389041563,Pushpa,200,25,02-01-2023,23:59:28
Person298,person298@gmail.com,94943768219,ABCD,250,15,02-01-2023,23:59:28
Person299,person299@gmail.com,94731425049,Brahmastra,350,12,02-01-2023,23:59:28
Person300,person300@gmail.com,96745863020,Avatar,400,0,02-01-2023,23:59:28
Person301,person301@gmail.com,99847638563,3 Idiots,200,0,02-01-2023,23:59:28
Person302,person302@gmail.com,96697384214,Radhe,300,10,02-01-2023,23:59:28
Person303,person303@gmail.com,93801743947,KGF,300,5,02-01-2023,23:59:28
Person304,person304@gmail.com,97588078640,Avatar,400,0,02-01-2023,23:59:28
Person305,person305@gmail.com,96649525557,Radhe,300,10,02-01-2023,23:59:28
Person306,person306@gmail.com,97227060437,Brahmastra,350,12,02-01-2023,23:59:28
Person307,person307@gmail.com,96078776812,Circus,500,20,02-01-2023,23:59:28
Person308,person308@gmail.com,97275594966,KGF,300,5,02-01-2023,23:59:28
Person309,person309@gmail.com,97847080390,3 Idiots,200,0,02-01-2023,23:59:28
Person310,person310@gmail.com,99853809425,Bhediya,150,10,02-01-2023,23:59:28
Person311,person311@gmail.com,97504187717,Brahmastra,350,12,02-01-2023,23:59:28
Person312,person312@gmail.com,98187678112,ABCD,250,15,02-01-2023,23:59:28
Person313,person313@gmail.com,95950776623,Brahmastra,350,12,02-01-2023,23:59:28
Person314,person314@gmail.com,94008010745,Avatar,400,0,02-01-2023,23:59:28
Person315,person315@gmail.com,91603283438,Pushpa,200,25,02-01-2023,23:59:28
Person316,person316@gmail.com,96170887838,Super 30,250,20,02-01-2023,23:59:28
Person317,person317@gmail.com,98590907510,Brahmastra,350,12,02-01-2023,23:59:28
Person318,person318@gmail.com,91298048668,3 Idiots,200,0,02-01-2023,23:59:28
Person319,person319@gmail.com,99376404233,Avatar,400,0,02-01-2023,23:59:28
Person320,person320@gmail.com,98262843014,Super 30,250,20,02-01-2023,23:59:28
Person321,person321@gmail.com,91597123069,Pushpa,200,25,02-01-2023,23:59:28
Person322,person322@gmail.com,98592882725,Pushpa,200,25,02-01-2023,23:59:28
Person323,person323@gmail.com,98192310547,KGF,300,5,02-01-2023,23:59:28
Person324,person324@gmail.com,97426225816,Super 30,250,20,02-01-2023,23:59:28
Person325,person325@gmail.com,92446898828,Avatar,400,0,02-01-2023,23:59:28
Person326,person326@gmail.com,93202405444,Circus,500,20,02-01-2023,23:59:28
Person327,person327@gmail.com,91301911677,Avatar,400,0,02-01-2023,23:59:28
Person328,person328@gmail.com,96665588802,Avatar,400,0,02-01-2023,23:59:28
Person329,person329@gmail.com,95984289125,Avatar,400,0,02-01-2023,23:59:28
Person330,person330@gmail.com,99555193349,3 Idiots,200,0,02-01-2023,23:59:28
Person331,person331@gmail.com,97965425994,KGF,300,5,02-01-2023,23:59:28
Person332,person332@gmail.com,91190427506,Super 30,250,20,02-01-2023,23:59:28
Person333,person333@gmail.com,93518178629,ABCD,250,15,02-01-2023,23:59:28
Person334,person334@gmail.com,94437827599,Super 30,250,20,02-01-2023,23:59:28
Person335,person335@gmail.com,95233039184,Brahmastra,350,12,02-01-2023,23:59:28
Person336,person336@gmail.com,96593309315,Circus,500,20,02-01-2023,23:59:28
Person337,person337@gmail.com,94543453509,Bhediya,150,10,02-01-2023,23:59:28
Person338,person338@gmail.com,99733239794,Pushpa,200,25,02-01-2023,23:59:28
Person339,person339@gmail.com,96430586402,Brahmastra,350,12,02-01-2023,23:59:28
Person340,person340@gmail.com,95717119571,Bhediya,150,10,02-01-2023,23:59:28
Person341,person341@gmail.com,93357321399,Pushpa,200,25,02-01-2023,23:59:28
Person342,person342@gmail.com,91297663701,Pushpa,200,25,02-01-2023,23:59:28
Person343,person343@gmail.com,94479766935,Avatar,400,0,02-01-2023,23:59:28
Person344,person344@gmail.com,91008052819,Bhediya,150,10,02-01-2023,23:59:28
Person345,person345@gmail.com,98864348141,Super 30,250,20,02-01-2023,23:59:28
Person346,person346@gmail.com,94558872617,Radhe,300,10,02-01-2023,23:59:28
Person347,person347@gmail.com,98878265992,KGF,300,5,02-01-2023,23:59:28
Person348,person348@gmail.com,94081432644,Pushpa,200,25,02-01-2023,23:59:28
Person349,person349@gmail.com,95101316513,Radhe,300,10,02-01-2023,23:59:28
Person350,person350@gmail.com,94998300765,Bhediya,150,10,02-01-2023,23:59:28
Person351,person351@gmail.com,94086383485,KGF,300,5,02-01-2023,23:59:28
Person352,person352@gmail.com,99448972999,Avatar,400,0,02-01-2023,23:59:28
Person353,person353@gmail.com,96303794191,Radhe,300,10,02-01-2023,23:59:28
Person354,person354@gmail.com,93445807255,Super 30,250,20,02-01-2023,23:59:28
Person355,person355@gmail.com,99451239970,3 Idiots,200,0,02-01-2023,23:59:28
Person356,person356@gmail.com,92697030210,ABCD,250,15,02-01-2023,23:59:28
Person357,person357@gmail.com,91805186264,Super 30,250,20,02-01-2023,23:59:28
Person358,person358@gmail.com,98755150329,Avatar,400,0,02-01-2023,23:59:28
Person359,person359@gmail.com,94713060951,Pushpa,200,25,02-01-2023,23:59:28
Person360,person360@gmail.com,93208270868,Brahmastra,350,12,02-01-2023,23:59:28
Person361,person361@gmail.com,95629549271,Circus,500,20,02-01-2023,23:59:28
Person362,person362@gmail.com,97896685944,3 Idiots,200,0,02-01-2023,23:59:28
Person363,person363@gmail.com,92969524322,Bhediya,150,10,02-01-2023,23:59:28
Person364,person364@gmail.com,94912166503,KGF,300,5,02-01-2023,23:59:28
Person365,person365@gmail.com,95307176004,ABCD,250,15,02-01-2023,23:59:28
Person366,person366@gmail.com,98627195434,Radhe,300,10,02-01-2023,23:59:28
Person367,person367@gmail.com,99317157523,KGF,300,5,02-01-2023,23:59:28
Person368,person368@gmail.com,92217896885,Bhediya,150,10,02-01-2023,23:59:28
Person369,person369@gmail.com,94307149238,KGF,300,5,02-01-2023,23:59:28
Person370,person370@gmail.com,95634083867,Avatar,400,0,02-01-2023,23:59:28
Person371,person371@gmail.com,96303497743,Super 30,250,20,02-01-2023,23:59:28
Person372,person372@gmail.com,95248911001,Avatar,400,0,02-01-2023,23:59:28
Person373,person373@gmail.com,97163282049,Bhediya,150,10,02-01-2023,23:59:28
Person374,person374@gmail.com,91961382828,ABCD,250,15,02-01-2023,23:59:28
Person375,person375@gmail.com,91810527823,Super 30,250,20,02-01-2023,23:59:28
Person376,person376@gmail.com,95061156544,KGF,300,5,02-01-2023,23:59:28
Person377,person377@gmail.com,98783992983,KGF,300,5,02-01-2023,23:59:28
Person378,person378@gmail.com,94153319219,Super 30,250,20,02-01-2023,23:59:28
Person379,person379@gmail.com,95675072786,Super 30,250,20,02-01-2023,23:59:28
Person380,person380@gmail.com,91791165559,Bhediya,150,10,02-01-2023,23:59:28
Person381,person381@gmail.com,98312388284,ABCD,250,15,02-01-2023,23:59:28
Person382,person382@gmail.com,93558554767,Brahmastra,350,12,02-01-2023,23:59:28
Person383,person383@gmail.com,96780805517,Avatar,400,0,02-01-2023,23:59:28
Person384,person384@gmail.com,94821000361,KGF,300,5,02-01-2023,23:59:28
Person385,person385@gmail.com,94103701466,Circus,500,20,02-01-2023,23:59:28
Person386,person386@gmail.com,95329520615,Bhediya,150,10,02-01-2023,23:59:28
Person387,person387@gmail.com,98065204772,KGF,300,5,02-01-2023,23:59:28
Person388,person388@gmail.com,95252526049,ABCD,250,15,02-01-2023,23:59:28
Person389,person389@gmail.com,95069554687,Circus,500,20,02-01-2023,23:59:28
Person390,person390@gmail.com,94711075118,Circus,500,20,02-01-2023,23:59:28
Person391,person391@gmail.com,95443501190,Radhe,300,10,02-01-2023,23:59:28
Person392,person392@gmail.com,96406886495,Super 30,250,20,02-01-2023,23:59:28
Person393,person393@gmail.com,91838617248,Avatar,400,0,02-01-2023,23:59:28
Person394,person394@gmail.com,95016973920,Pushpa,200,25,02-01-2023,23:59:28
Person395,person395@gmail.com,93126264334,KGF,300,5,02-01-2023,23:59:28
Person396,person396@gmail.com,92679584412,Bhediya,150,10,02-01-2023,23:59:28
Person397,person397@gmail.com,92885821227,Pushpa,200,25,02-01-2023,23:59:28
Person398,person398@gmail.com,96808523162,Avatar,400,0,02-01-2023,23:59:28
Person399,person399@gmail.com,91700042877,KGF,300,5,02-01-2023,23:59:28
Person400,person400@gmail.com,95288494346,Pushpa,200,25,02-01-2023,23:59:28
Person401,person401@gmail.com,98230495296,Super 30,250,20,02-01-2023,23:59:28
Person402,person402@gmail.com,99312977528,ABCD,250,15,02-01-2023,23:59:28
Person403,person403@gmail.com,97886598131,Radhe,300,10,02-01-2023,23:59:28
Person404,person404@gmail.com,98170489527,Pushpa,200,25,02-01-2023,23:59:28
Person405,person405@gmail.com,99473390418,KGF,300,5,02-01-2023,23:59:28
Person406,person406@gmail.com,93483428689,Brahmastra,350,12,02-01-2023,23:59:28
Person407,person407@gmail.com,95850270697,Pushpa,200,25,02-01-2023,23:59:28
Person408,person408@gmail.com,94706874423,Circus,500,20,02-01-2023,23:59:28
Person409,person409@gmail.com,93214841585,Brahmastra,350,12,02-01-2023,23:59:28
Person410,person410@gmail.com,98705486299,Brahmastra,350,12,02-01-2023,23:59:28
Person411,person411@gmail.com,97288791961,Brahmastra,350,12,02-01-2023,23:59:28
Person412,person412@gmail.com,94492915727,Avatar,400,0,02-01-2023,23:59:28
Person413,person413@gmail.com,98450519415,KGF,300,5,02-01-2023,23:59:28
Person414,person414@gmail.com,97793052012,Radhe,300,10,02-01-2023,23:59:28
Person415,person415@gmail.com,94685849923,Brahmastra,350,12,02-01-2023,23:59:28
Person416,person416@gmail.com,96268663371,Bhediya,150,10,02-01-2023,23:59:28
Person417,person417@gmail.com,99371943688,Circus,500,20,02-01-2023,23:59:28
Person418,person418@gmail.com,99359906043,Radhe,300,10,02-01-2023,23:59:28
Person419,person419@gmail.com,99314540681,Super 30,250,20,02-01-2023,23:59:28
Person420,person420@gmail.com,98440227771,KGF,300,5,02-01-2023,23:59:28
Person421,person421@gmail.com,95477089988,Brahmastra,350,12,02-01-2023,23:59:28
Person422,person422@gmail.com,92098768564,Brahmastra,350,12,02-01-2023,23:59:28
Person423,person423@gmail.com,99643125169,Super 30,250,20,02-01-2023,23:59:28
Person424,person424@gmail.com,91606280685,Super 30,250,20,02-01-2023,23:59:28
Person425,person425@gmail.com,99198971144,Super 30,250,20,02-01-2023,23:59:28
Person426,person426@gmail.com,97682224068,ABCD,250,15,02-01-2023,23:59:28
Person427,person427@gmail.com,93149189528,Radhe,300,10,02-01-2023,23:59:28
Person428,person428@gmail.com,93962354700,3 Idiots,200,0,02-01-2023,23:59:28
Person429,person429@gmail.com,94500215505,Circus,500,20,02-01-2023,23:59:28
Person430,person430@gmail.com,96923477756,Bhediya,150,10,02-01-2023,23:59:28
Person431,person431@gmail.com,94667819596,Brahmastra,350,12,02-01-2023,23:59:28
Person432,person432@gmail.com,93842202390,ABCD,250,15,02-01-2023,23:59:28
Person433,person433@gmail.com,99260711917,Avatar,400,0,02-01-2023,23:59:28
Person434,person434@gmail.com,95358084592,Pushpa,200,25,02-01-2023,23:59:28
Person435,person435@gmail.com,91785280138,Avatar,400,0,02-01-2023,23:59:28
Person436,person436@gmail.com,92903571260,Super 30,250,20,02-01-2023,23:59:28
Person437,person437@gmail.com,95190189925,Circus,500,20,02-01-2023,23:59:28
Person438,person438@gmail.com,91182891662,Circus,500,20,02-01-2023,23:59:28
Person439,person439@gmail.com,92724812497,Circus,500,20,02-01-2023,23:59:28
Person440,person440@gmail.com,95420713346,3 Idiots,200,0,02-01-2023,23:59:28
Person441,person441@gmail.com,92730324028,Bhediya,150,10,02-01-2023,23:59:28
Person442,person442@gmail.com,95247763815,Super 30,250,20,02-01-2023,23:59:28
Person443,person443@gmail.com,98800372663,Super 30,250,20,02-01-2023,23:59:28
Person444,person444@gmail.com,97786940690,Bhediya,150,10,02-01-2023,23:59:28
Person445,person445@gmail.com,94944786994,Pushpa,200,25,02-01-2023,23:59:28
Person446,person446@gmail.com,97724079223,KGF,300,5,02-01-2023,23:59:28
Person447,person447@gmail.com,97785450280,Brahmastra,350,12,02-01-2023,23:59:28
Person448,person448@gmail.com,98227659935,Brahmastra,350,12,02-01-2023,23:59:28
Person449,person449@gmail.com,98921302278,Brahmastra,350,12,02-01-2023,23:59:28
Person450,person450@gmail.com,94604880868,Radhe,300,10,02-01-2023,23:59:28
Person451,person451@gmail.com,96808790199,Bhediya,150,10,02-01-2023,23:59:28
Person452,person452@gmail.com,98257528980,Brahmastra,350,12,02-01-2023,23:59:28
Person453,person453@gmail.com,98784438540,Brahmastra,350,12,02-01-2023,23:59:28
Person454,person454@gmail.com,99503149159,Bhediya,150,10,02-01-2023,23:59:28
Person455,person455@gmail.com,91567940554,Pushpa,200,25,02-01-2023,23:59:28
Person456,person456@gmail.com,96900319947,3 Idiots,200,0,02-01-2023,23:59:28
Person457,person457@gmail.com,94967347783,Super 30,250,20,02-01-2023,23:59:28
Person458,person458@gmail.com,93484168576,Radhe,300,10,02-01-2023,23:59:28
Person459,person459@gmail.com,99089238655,Radhe,300,10,02-01-2023,23:59:28
Person460,person460@gmail.com,97530135759,Super 30,250,20,02-01-2023,23:59:28
Person461,person461@gmail.com,99532310888,Avatar,400,0,02-01-2023,23:59:28
Person462,person462@gmail.com,95108296080,Pushpa,200,25,02-01-2023,23:59:28
Person463,person463@gmail.com,95061987295,Radhe,300,10,02-01-2023,23:59:28
Person464,person464@gmail.com,95375213771,Brahmastra,350,12,02-01-2023,23:59:28
Person465,person465@gmail.com,94965206364,Avatar,400,0,02-01-2023,23:59:28
Person466,person466@gmail.com,91641938160,Radhe,300,10,02-01-2023,23:59:28
Person467,person467@gmail.com,95638545784,3 Idiots,200,0,02-01-2023,23:59:28
Person468,person468@gmail.com,98694162937,KGF,300,5,02-01-2023,23:59:28
Person469,person469@gmail.com,95375073619,Brahmastra,350,12,02-01-2023,23:59:28
Person470,person470@gmail.com,98495268142,Brahmastra,350,12,02-01-2023,23:59:28
Person471,person471@gmail.com,98634943319,3 Idiots,200,0,02-01-2023,23:59:28
Person472,person472@gmail.com,91909628114,Super 30,250,20,02-01-2023,23:59:28
Person473,person473@gmail.com,97544214300,3 Idiots,200,0,02-01-2023,23:59:28
Person474,person474@gmail.com,99985518782,3 Idiots,200,0,02-01-2023,23:59:28
Person475,person475@gmail.com,91724955148,Avatar,400,0,02-01-2023,23:59:28
Person476,person476@gmail.com,95525328795,3 Idiots,200,0,02-01-2023,23:59:28
Person477,person477@gmail.com,91487409481,KGF,300,5,02-01-2023,23:59:28
Person478,person478@gmail.com,92358761017,3 Idiots,200,0,02-01-2023,23:59:28
Person479,person479@gmail.com,97034836602,Avatar,400,0,02-01-2023,23:59:28
Person480,person480@gmail.com,99539913003,Pushpa,200,25,02-01-2023,23:59:28
Person481,person481@gmail.com,94968292181,Avatar,400,0,02-01-2023,23:59:28
Person482,person482@gmail.com,95429040977,Super 30,250,20,02-01-2023,23:59:28
Person483,person483@gmail.com,95568089104,3 Idiots,200,0,02-01-2023,23:59:28
Person484,person484@gmail.com,94017261672,3 Idiots,200,0,02-01-2023,23:59:28
Person485,person485@gmail.com,94336966880,Avatar,400,0,02-01-2023,23:59:28
Person486,person486@gmail.com,95460745793,Avatar,400,0,02-01-2023,23:59:28
Person487,person487@gmail.com,91222209087,3 Idiots,200,0,02-01-2023,23:59:28
Person488,person488@gmail.com,95083271740,3 Idiots,200,0,02-01-2023,23:59:28
Person489,person489@gmail.com,95545672172,KGF,300,5,02-01-2023,23:59:28
Person490,person490@gmail.com,94029467774,Pushpa,200,25,02-01-2023,23:59:28
Person491,person491@gmail.com,98494034478,Bhediya,150,10,02-01-2023,23:59:28
Person492,person492@gmail.com,91447592639,Radhe,300,10,02-01-2023,23:59:28
Person493,person493@gmail.com,99438163953,ABCD,250,15,02-01-2023,23:59:28
Person494,person494@gmail.com,92762552692,3 Idiots,200,0,02-01-2023,23:59:28
Person495,person495@gmail.com,93602778688,Brahmastra,350,12,02-01-2023,23:59:28
Person496,person496@gmail.com,95376096553,Circus,500,20,02-01-2023,23:59:28
Person497,person497@gmail.com,95785600888,Radhe,300,10,02-01-2023,23:59:28
Person498,person498@gmail.com,91210735198,Pushpa,200,25,02-01-2023,23:59:28
Person499,person499@gmail.com,93482709197,Pushpa,200,25,02-01-2023,23:59:28
Person500,person500@gmail.com,98610649818,Bhediya,150,10,02-01-2023,23:59:28
Person1,person1@gmail.com,97041176923,ABCD,250,15,03-01-2023,22:08:00
Person2,person2@gmail.com,95399469290,Radhe,300,10,03-01-2023,22:08:00
Person3,person3@gmail.com,99294726332,Brahmastra,350,12,03-01-2023,22:08:00
Person4,person4@gmail.com,92983889897,Brahmastra,350,12,03-01-2023,22:08:00
Person5,person5@gmail.com,95572082933,Bhediya,150,10,03-01-2023,22:08:00
Person6,person6@gmail.com,91109862929,ABCD,250,15,03-01-2023,22:08:00
Person7,person7@gmail.com,97834329387,Super 30,250,20,03-01-2023,22:08:00
Person8,person8@gmail.com,94891212855,Avatar,400,0,03-01-2023,22:08:00
Person9,person9@gmail.com,99040831061,3 Idiots,200,0,03-01-2023,22:08:00
Person10,person10@gmail.com,94661867152,Avatar,400,0,03-01-2023,22:08:00
Person11,person11@gmail.com,98701812145,Super 30,250,20,03-01-2023,22:08:00
Person12,person12@gmail.com,98479773843,Circus,500,20,03-01-2023,22:08:00
Person13,person13@gmail.com,99381840638,3 Idiots,200,0,03-01-2023,22:08:00
Person14,person14@gmail.com,93986610327,Pushpa,200,25,03-01-2023,22:08:00
Person15,person15@gmail.com,91255686409,ABCD,250,15,03-01-2023,22:08:00
Person16,person16@gmail.com,96463155711,KGF,300,5,03-01-2023,22:08:00
Person17,person17@gmail.com,94946933239,3 Idiots,200,0,03-01-2023,22:08:00
Person18,person18@gmail.com,93484971027,3 Idiots,200,0,03-01-2023,22:08:00
Person19,person19@gmail.com,93486513999,Pushpa,200,25,03-01-2023,22:08:00
Person20,person20@gmail.com,94516076433,Pushpa,200,25,03-01-2023,22:08:00
Person21,person21@gmail.com,96021398903,3 Idiots,200,0,03-01-2023,22:08:00
Person22,person22@gmail.com,93114929330,Circus,500,20,03-01-2023,22:08:00
Person23,person23@gmail.com,97153621503,ABCD,250,15,03-01-2023,22:08:00
Person24,person24@gmail.com,96138258643,Bhediya,150,10,03-01-2023,22:08:00
Person25,person25@gmail.com,94870854377,Circus,500,20,03-01-2023,22:08:00
Person26,person26@gmail.com,91206133734,Bhediya,150,10,03-01-2023,22:08:00
Person27,person27@gmail.com,97934856746,Circus,500,20,03-01-2023,22:08:00
Person28,person28@gmail.com,97050520920,3 Idiots,200,0,03-01-2023,22:08:00
Person29,person29@gmail.com,99321173477,ABCD,250,15,03-01-2023,22:08:00
Person30,person30@gmail.com,93623082414,Radhe,300,10,03-01-2023,22:08:00
Person31,person31@gmail.com,97810431157,Circus,500,20,03-01-2023,22:08:00
Person32,person32@gmail.com,94440519985,3 Idiots,200,0,03-01-2023,22:08:00
Person33,person33@gmail.com,94456534816,Radhe,300,10,03-01-2023,22:08:00
Person34,person34@gmail.com,99349751468,Bhediya,150,10,03-01-2023,22:08:00
Person35,person35@gmail.com,93765938294,3 Idiots,200,0,03-01-2023,22:08:00
Person36,person36@gmail.com,96617986504,Avatar,400,0,03-01-2023,22:08:00
Person37,person37@gmail.com,97895431023,Bhediya,150,10,03-01-2023,22:08:00
Person38,person38@gmail.com,93919784296,3 Idiots,200,0,03-01-2023,22:08:00
Person39,person39@gmail.com,93423230008,Circus,500,20,03-01-2023,22:08:00
Person40,person40@gmail.com,92714712760,Pushpa,200,25,03-01-2023,22:08:00
Person41,person41@gmail.com,96550977551,Circus,500,20,03-01-2023,22:08:00
Person42,person42@gmail.com,92679899959,Radhe,300,10,03-01-2023,22:08:00
Person43,person43@gmail.com,91770069803,Radhe,300,10,03-01-2023,22:08:00
Person44,person44@gmail.com,93718551513,Super 30,250,20,03-01-2023,22:08:00
Person45,person45@gmail.com,94839584215,Brahmastra,350,12,03-01-2023,22:08:00
Person46,person46@gmail.com,95207279805,Avatar,400,0,03-01-2023,22:08:00
Person47,person47@gmail.com,97521588161,KGF,300,5,03-01-2023,22:08:00
Person48,person48@gmail.com,94827871122,Circus,500,20,03-01-2023,22:08:00
Person49,person49@gmail.com,95558404712,Circus,500,20,03-01-2023,22:08:00
Person50,person50@gmail.com,91734535190,Bhediya,150,10,03-01-2023,22:08:00
Person51,person51@gmail.com,93207754254,Super 30,250,20,03-01-2023,22:08:00
Person52,person52@gmail.com,95335598329,3 Idiots,200,0,03-01-2023,22:08:00
Person53,person53@gmail.com,93663117801,Pushpa,200,25,03-01-2023,22:08:00
Person54,person54@gmail.com,94663503734,Radhe,300,10,03-01-2023,22:08:00
Person55,person55@gmail.com,97627589513,Super 30,250,20,03-01-2023,22:08:00
Person56,person56@gmail.com,94930309876,Super 30,250,20,03-01-2023,22:08:00
Person57,person57@gmail.com,95279067496,KGF,300,5,03-01-2023,22:08:00
Person58,person58@gmail.com,97832625511,ABCD,250,15,03-01-2023,22:08:00
Person59,person59@gmail.com,92990876916,Circus,500,20,03-01-2023,22:08:00
Person60,person60@gmail.com,95587777543,KGF,300,5,03-01-2023,22:08:00
Person61,person61@gmail.com,95354111073,3 Idiots,200,0,03-01-2023,22:08:00
Person62,person62@gmail.com,94369318262,Circus,500,20,03-01-2023,22:08:00
Person63,person63@gmail.com,93454157034,KGF,300,5,03-01-2023,22:08:00
Person64,person64@gmail.com,91146573920,Circus,500,20,03-01-2023,22:08:00
Person65,person65@gmail.com,92863094407,ABCD,250,15,03-01-2023,22:08:00
Person66,person66@gmail.com,99321998073,3 Idiots,200,0,03-01-2023,22:08:00
Person67,person67@gmail.com,97131013135,Radhe,300,10,03-01-2023,22:08:00
Person68,person68@gmail.com,91311945341,Avatar,400,0,03-01-2023,22:08:00
Person69,person69@gmail.com,93343114485,Super 30,250,20,03-01-2023,22:08:00
Person70,person70@gmail.com,97490042518,Avatar,400,0,03-01-2023,22:08:00
Person71,person71@gmail.com,97226877282,KGF,300,5,03-01-2023,22:08:00
Person72,person72@gmail.com,96031175483,3 Idiots,200,0,03-01-2023,22:08:00
Person73,person73@gmail.com,93046609723,Avatar,400,0,03-01-2023,22:08:00
Person74,person74@gmail.com,93576810203,Radhe,300,10,03-01-2023,22:08:00
Person75,person75@gmail.com,98247918973,Bhediya,150,10,03-01-2023,22:08:00
Person76,person76@gmail.com,99102466634,Brahmastra,350,12,03-01-2023,22:08:00
Person77,person77@gmail.com,95256315721,Bhediya,150,10,03-01-2023,22:08:00
Person78,person78@gmail.com,92295893058,Radhe,300,10,03-01-2023,22:08:00
Person79,person79@gmail.com,92160179766,3 Idiots,200,0,03-01-2023,22:08:00
Person80,person80@gmail.com,99465988792,Brahmastra,350,12,03-01-2023,22:08:00
Person81,person81@gmail.com,97663979250,Pushpa,200,25,03-01-2023,22:08:00
Person82,person82@gmail.com,99395380992,3 Idiots,200,0,03-01-2023,22:08:00
Person83,person83@gmail.com,93322181713,Avatar,400,0,03-01-2023,22:08:00
Person84,person84@gmail.com,99719453476,Circus,500,20,03-01-2023,22:08:00
Person85,person85@gmail.com,91054546984,ABCD,250,15,03-01-2023,22:08:00
Person86,person86@gmail.com,93056504130,ABCD,250,15,03-01-2023,22:08:00
Person87,person87@gmail.com,99548022656,Bhediya,150,10,03-01-2023,22:08:00
Person88,person88@gmail.com,99207707350,Super 30,250,20,03-01-2023,22:08:00
Person89,person89@gmail.com,92369012945,3 Idiots,200,0,03-01-2023,22:08:00
Person90,person90@gmail.com,91301908891,Super 30,250,20,03-01-2023,22:08:00
Person91,person91@gmail.com,97124597896,3 Idiots,200,0,03-01-2023,22:08:00
Person92,person92@gmail.com,91826691609,Radhe,300,10,03-01-2023,22:08:00
Person93,person93@gmail.com,93896201172,Super 30,250,20,03-01-2023,22:08:00
Person94,person94@gmail.com,93942601109,Bhediya,150,10,03-01-2023,22:08:00
Person95,person95@gmail.com,91539576697,Circus,500,20,03-01-2023,22:08:00
Person96,person96@gmail.com,96942589127,Pushpa,200,25,03-01-2023,22:08:00
Person97,person97@gmail.com,94184625260,Bhediya,150,10,03-01-2023,22:08:00
Person98,person98@gmail.com,95651213853,Pushpa,200,25,03-01-2023,22:08:00
Person99,person99@gmail.com,99599384071,Bhediya,150,10,03-01-2023,22:08:00
Person100,person100@gmail.com,99180271017,Circus,500,20,03-01-2023,22:08:00
Person101,person101@gmail.com,98284351063,Bhediya,150,10,03-01-2023,22:08:00
Person102,person102@gmail.com,93147808021,Brahmastra,350,12,03-01-2023,22:08:00
Person103,person103@gmail.com,97191143038,Circus,500,20,03-01-2023,22:08:00
Person104,person104@gmail.com,93565500978,3 Idiots,200,0,03-01-2023,22:08:00
Person105,person105@gmail.com,94547838968,Brahmastra,350,12,03-01-2023,22:08:00
Person106,person106@gmail.com,98331116344,Radhe,300,10,03-01-2023,22:08:00
Person107,person107@gmail.com,91929180629,Circus,500,20,03-01-2023,22:08:00
Person108,person108@gmail.com,92727818866,3 Idiots,200,0,03-01-2023,22:08:00
Person109,person109@gmail.com,99110971883,ABCD,250,15,03-01-2023,22:08:00
Person110,person110@gmail.com,95718909755,KGF,300,5,03-01-2023,22:08:00
Person111,person111@gmail.com,92724345740,Super 30,250,20,03-01-2023,22:08:00
Person112,person112@gmail.com,93306662351,Radhe,300,10,03-01-2023,22:08:00
Person113,person113@gmail.com,93257344856,KGF,300,5,03-01-2023,22:08:00
Person114,person114@gmail.com,92607175867,Avatar,400,0,03-01-2023,22:08:00
Person115,person115@gmail.com,99832464217,Bhediya,150,10,03-01-2023,22:08:00
Person116,person116@gmail.com,99821825097,Brahmastra,350,12,03-01-2023,22:08:00
Person117,person117@gmail.com,93136538221,Brahmastra,350,12,03-01-2023,22:08:00
Person118,person118@gmail.com,94438948581,Brahmastra,350,12,03-01-2023,22:08:00
Person119,person119@gmail.com,96542495899,Brahmastra,350,12,03-01-2023,22:08:00
Person120,person120@gmail.com,92624344703,ABCD,250,15,03-01-2023,22:08:00
Person121,person121@gmail.com,97685530599,Pushpa,200,25,03-01-2023,22:08:00
Person122,person122@gmail.com,95941551644,ABCD,250,15,03-01-2023,22:08:00
Person123,person123@gmail.com,99599754331,ABCD,250,15,03-01-2023,22:08:00
Person124,person124@gmail.com,92290419045,KGF,300,5,03-01-2023,22:08:00
Person125,person125@gmail.com,91820638672,Bhediya,150,10,03-01-2023,22:08:00
Person126,person126@gmail.com,98509930440,Bhediya,150,10,03-01-2023,22:08:00
Person127,person127@gmail.com,98987483444,ABCD,250,15,03-01-2023,22:08:00
Person128,person128@gmail.com,99625328790,Circus,500,20,03-01-2023,22:08:00
Person129,person129@gmail.com,96042941847,Bhediya,150,10,03-01-2023,22:08:00
Person130,person130@gmail.com,92981881020,Circus,500,20,03-01-2023,22:08:00
Person131,person131@gmail.com,94747765948,3 Idiots,200,0,03-01-2023,22:08:00
Person132,person132@gmail.com,98161004834,Circus,500,20,03-01-2023,22:08:00
Person133,person133@gmail.com,94291530373,KGF,300,5,03-01-2023,22:08:00
Person134,person134@gmail.com,92609613775,Bhediya,150,10,03-01-2023,22:08:00
Person135,person135@gmail.com,94789602886,Super 30,250,20,03-01-2023,22:08:00
Person136,person136@gmail.com,99263078316,3 Idiots,200,0,03-01-2023,22:08:00
Person137,person137@gmail.com,93415575182,KGF,300,5,03-01-2023,22:08:00
Person138,person138@gmail.com,96444637695,Pushpa,200,25,03-01-2023,22:08:00
Person139,person139@gmail.com,95574121610,Avatar,400,0,03-01-2023,22:08:00
Person140,person140@gmail.com,97622044016,Bhediya,150,10,03-01-2023,22:08:00
Person141,person141@gmail.com,91676048819,KGF,300,5,03-01-2023,22:08:00
Person142,person142@gmail.com,93612317706,3 Idiots,200,0,03-01-2023,22:08:00
Person143,person143@gmail.com,93590030394,Super 30,250,20,03-01-2023,22:08:00
Person144,person144@gmail.com,94464362988,Circus,500,20,03-01-2023,22:08:00
Person145,person145@gmail.com,92484727254,Super 30,250,20,03-01-2023,22:08:00
Person146,person146@gmail.com,93372123806,3 Idiots,200,0,03-01-2023,22:08:00
Person147,person147@gmail.com,92269682805,ABCD,250,15,03-01-2023,22:08:00
Person148,person148@gmail.com,98520148911,KGF,300,5,03-01-2023,22:08:00
Person149,person149@gmail.com,98542727805,Pushpa,200,25,03-01-2023,22:08:00
Person150,person150@gmail.com,91083270095,Circus,500,20,03-01-2023,22:08:00
Person151,person151@gmail.com,95413094838,Avatar,400,0,03-01-2023,22:08:00
Person152,person152@gmail.com,98278478076,Super 30,250,20,03-01-2023,22:08:00
Person153,person153@gmail.com,97138443631,Brahmastra,350,12,03-01-2023,22:08:00
Person154,person154@gmail.com,98078810185,Avatar,400,0,03-01-2023,22:08:00
Person155,person155@gmail.com,92659560730,Brahmastra,350,12,03-01-2023,22:08:00
Person156,person156@gmail.com,97900997978,Super 30,250,20,03-01-2023,22:08:00
Person157,person157@gmail.com,97475589326,Circus,500,20,03-01-2023,22:08:00
Person158,person158@gmail.com,96482798950,Pushpa,200,25,03-01-2023,22:08:00
Person159,person159@gmail.com,91678142132,KGF,300,5,03-01-2023,22:08:00
Person160,person160@gmail.com,99614647070,Pushpa,200,25,03-01-2023,22:08:00
Person161,person161@gmail.com,96390944818,Avatar,400,0,03-01-2023,22:08:00
Person162,person162@gmail.com,95693324331,Brahmastra,350,12,03-01-2023,22:08:00
Person163,person163@gmail.com,94088764059,Circus,500,20,03-01-2023,22:08:00
Person164,person164@gmail.com,98315052939,Brahmastra,350,12,03-01-2023,22:08:00
Person165,person165@gmail.com,99201396789,Bhediya,150,10,03-01-2023,22:08:00
Person166,person166@gmail.com,95922631747,Super 30,250,20,03-01-2023,22:08:00
Person167,person167@gmail.com,91546993330,Pushpa,200,25,03-01-2023,22:08:00
Person168,person168@gmail.com,98444052610,3 Idiots,200,0,03-01-2023,22:08:00
Person169,person169@gmail.com,92210826983,Pushpa,200,25,03-01-2023,22:08:00
Person170,person170@gmail.com,92599681613,3 Idiots,200,0,03-01-2023,22:08:00
Person171,person171@gmail.com,94597810640,Avatar,400,0,03-01-2023,22:08:00
Person172,person172@gmail.com,97522934028,Pushpa,200,25,03-01-2023,22:08:00
Person173,person173@gmail.com,94482319124,3 Idiots,200,0,03-01-2023,22:08:00
Person174,person174@gmail.com,96414296138,KGF,300,5,03-01-2023,22:08:00
Person175,person175@gmail.com,97733500939,Super 30,250,20,03-01-2023,22:08:00
Person176,person176@gmail.com,99187002945,Super 30,250,20,03-01-2023,22:08:00
Person177,person177@gmail.com,97788724480,ABCD,250,15,03-01-2023,22:08:00
Person178,person178@gmail.com,97807773620,Bhediya,150,10,03-01-2023,22:08:00
Person179,person179@gmail.com,98729907027,KGF,300,5,03-01-2023,22:08:00
Person180,person180@gmail.com,96984273153,Super 30,250,20,03-01-2023,22:08:00
Person181,person181@gmail.com,98176073426,Super 30,250,20,03-01-2023,22:08:00
Person182,person182@gmail.com,99152962819,KGF,300,5,03-01-2023,22:08:00
Person183,person183@gmail.com,96663050396,3 Idiots,200,0,03-01-2023,22:08:00
Person184,person184@gmail.com,97592130001,KGF,300,5,03-01-2023,22:08:00
Person185,person185@gmail.com,95491995529,Radhe,300,10,03-01-2023,22:08:00
Person186,person186@gmail.com,96605285059,ABCD,250,15,03-01-2023,22:08:00
Person187,person187@gmail.com,91005612973,Circus,500,20,03-01-2023,22:08:00
Person188,person188@gmail.com,96854301445,Circus,500,20,03-01-2023,22:08:00
Person189,person189@gmail.com,96724406523,Pushpa,200,25,03-01-2023,22:08:00
Person190,person190@gmail.com,99490773467,ABCD,250,15,03-01-2023,22:08:00
Person191,person191@gmail.com,95052324193,Super 30,250,20,03-01-2023,22:08:00
Person192,person192@gmail.com,94828014367,KGF,300,5,03-01-2023,22:08:00
Person193,person193@gmail.com,99721204365,Radhe,300,10,03-01-2023,22:08:00
Person194,person194@gmail.com,94336807171,3 Idiots,200,0,03-01-2023,22:08:00
Person195,person195@gmail.com,98230753538,ABCD,250,15,03-01-2023,22:08:00
Person196,person196@gmail.com,96260796349,Bhediya,150,10,03-01-2023,22:08:00
Person197,person197@gmail.com,98446670845,Pushpa,200,25,03-01-2023,22:08:00
Person198,person198@gmail.com,99032941332,Brahmastra,350,12,03-01-2023,22:08:00
Person199,person199@gmail.com,99979964165,Super 30,250,20,03-01-2023,22:08:00
Person200,person200@gmail.com,96929767547,Pushpa,200,25,03-01-2023,22:08:00
Person201,person201@gmail.com,98866648013,Pushpa,200,25,03-01-2023,22:08:00
Person202,person202@gmail.com,97919642676,3 Idiots,200,0,03-01-2023,22:08:00
Person203,person203@gmail.com,94648201870,KGF,300,5,03-01-2023,22:08:00
Person204,person204@gmail.com,92430371312,Brahmastra,350,12,03-01-2023,22:08:00
Person205,person205@gmail.com,99126889631,Brahmastra,350,12,03-01-2023,22:08:00
Person206,person206@gmail.com,91357043711,Radhe,300,10,03-01-2023,22:08:00
Person207,person207@gmail.com,93117447777,KGF,300,5,03-01-2023,22:08:00
Person208,person208@gmail.com,98637903178,Bhediya,150,10,03-01-2023,22:08:00
Person209,person209@gmail.com,99844475917,Avatar,400,0,03-01-2023,22:08:00
Person210,person210@gmail.com,95154279267,KGF,300,5,03-01-2023,22:08:00
Person211,person211@gmail.com,92436790681,KGF,300,5,03-01-2023,22:08:00
Person212,person212@gmail.com,91072706371,Radhe,300,10,03-01-2023,22:08:00
Person213,person213@gmail.com,91345523212,Radhe,300,10,03-01-2023,22:08:00
Person214,person214@gmail.com,98524892229,3 Idiots,200,0,03-01-2023,22:08:00
Person215,person215@gmail.com,98835924753,Bhediya,150,10,03-01-2023,22:08:00
Person216,person216@gmail.com,97680067706,KGF,300,5,03-01-2023,22:08:00
Person217,person217@gmail.com,97330592028,Circus,500,20,03-01-2023,22:08:00
Person218,person218@gmail.com,95249755721,3 Idiots,200,0,03-01-2023,22:08:00
Person219,person219@gmail.com,99964908063,Radhe,300,10,03-01-2023,22:08:00
Person220,person220@gmail.com,93639381981,Bhediya,150,10,03-01-2023,22:08:00
Person221,person221@gmail.com,95962607712,ABCD,250,15,03-01-2023,22:08:00
Person222,person222@gmail.com,92105932652,3 Idiots,200,0,03-01-2023,22:08:00
Person223,person223@gmail.com,97403641656,Brahmastra,350,12,03-01-2023,22:08:00
Person224,person224@gmail.com,97623552846,KGF,300,5,03-01-2023,22:08:00
Person225,person225@gmail.com,99663900556,KGF,300,5,03-01-2023,22:08:00
Person226,person226@gmail.com,97546187529,Pushpa,200,25,03-01-2023,22:08:00
Person227,person227@gmail.com,96050573314,3 Idiots,200,0,03-01-2023,22:08:00
Person228,person228@gmail.com,97518620652,Radhe,300,10,03-01-2023,22:08:00
Person229,person229@gmail.com,94268761626,Super 30,250,20,03-01-2023,22:08:00
Person230,person230@gmail.com,95660230176,Brahmastra,350,12,03-01-2023,22:08:00
Person231,person231@gmail.com,92983968368,Radhe,300,10,03-01-2023,22:08:00
Person232,person232@gmail.com,99631719777,Super 30,250,20,03-01-2023,22:08:00
Person233,person233@gmail.com,94082661286,Circus,500,20,03-01-2023,22:08:00
Person234,person234@gmail.com,93084946287,3 Idiots,200,0,03-01-2023,22:08:00
Person235,person235@gmail.com,99776387788,Super 30,250,20,03-01-2023,22:08:00
Person236,person236@gmail.com,96759585237,Avatar,400,0,03-01-2023,22:08:00
Person237,person237@gmail.com,94195145394,Pushpa,200,25,03-01-2023,22:08:00
Person238,person238@gmail.com,93805361485,Circus,500,20,03-01-2023,22:08:00
Person239,person239@gmail.com,91753262648,Circus,500,20,03-01-2023,22:08:00
Person240,person240@gmail.com,99131146519,Bhediya,150,10,03-01-2023,22:08:00
Person241,person241@gmail.com,91397020219,Bhediya,150,10,03-01-2023,22:08:00
Person242,person242@gmail.com,92154250350,Pushpa,200,25,03-01-2023,22:08:00
Person243,person243@gmail.com,95911604150,ABCD,250,15,03-01-2023,22:08:00
Person244,person244@gmail.com,92771848104,Radhe,300,10,03-01-2023,22:08:00
Person245,person245@gmail.com,92060950300,Bhediya,150,10,03-01-2023,22:08:00
Person246,person246@gmail.com,98263431253,Circus,500,20,03-01-2023,22:08:00
Person247,person247@gmail.com,97312784819,Radhe,300,10,03-01-2023,22:08:00
Person248,person248@gmail.com,99061336644,Avatar,400,0,03-01-2023,22:08:00
Person249,person249@gmail.com,95713951039,ABCD,250,15,03-01-2023,22:08:00
Person250,person250@gmail.com,95594430522,Brahmastra,350,12,03-01-2023,22:08:00
Person251,person251@gmail.com,96460335655,Radhe,300,10,03-01-2023,22:08:00
Person252,person252@gmail.com,93051681508,3 Idiots,200,0,03-01-2023,22:08:00
Person253,person253@gmail.com,92383510483,Bhediya,150,10,03-01-2023,22:08:00
Person254,person254@gmail.com,94919167271,Avatar,400,0,03-01-2023,22:08:00
Person255,person255@gmail.com,91338635964,Pushpa,200,25,03-01-2023,22:08:00
Person256,person256@gmail.com,94655224932,KGF,300,5,03-01-2023,22:08:00
Person257,person257@gmail.com,95026991484,Radhe,300,10,03-01-2023,22:08:00
Person258,person258@gmail.com,98542418874,Radhe,300,10,03-01-2023,22:08:00
Person259,person259@gmail.com,96424838984,Bhediya,150,10,03-01-2023,22:08:00
Person260,person260@gmail.com,98884277732,Super 30,250,20,03-01-2023,22:08:00
Person261,person261@gmail.com,94044395024,3 Idiots,200,0,03-01-2023,22:08:00
Person262,person262@gmail.com,92434088648,Circus,500,20,03-01-2023,22:08:00
Person263,person263@gmail.com,97014606287,Avatar,400,0,03-01-2023,22:08:00
Person264,person264@gmail.com,94649253519,Circus,500,20,03-01-2023,22:08:00
Person265,person265@gmail.com,98730018134,Circus,500,20,03-01-2023,22:08:00
Person266,person266@gmail.com,95257882004,Bhediya,150,10,03-01-2023,22:08:00
Person267,person267@gmail.com,93337227038,Super 30,250,20,03-01-2023,22:08:00
Person268,person268@gmail.com,93343039831,Brahmastra,350,12,03-01-2023,22:08:00
Person269,person269@gmail.com,96846551763,3 Idiots,200,0,03-01-2023,22:08:00
Person270,person270@gmail.com,97125509870,Bhediya,150,10,03-01-2023,22:08:00
Person271,person271@gmail.com,97952008489,Avatar,400,0,03-01-2023,22:08:00
Person272,person272@gmail.com,91180881174,Circus,500,20,03-01-2023,22:08:00
Person273,person273@gmail.com,91118706201,Super 30,250,20,03-01-2023,22:08:00
Person274,person274@gmail.com,98282978514,Brahmastra,350,12,03-01-2023,22:08:00
Person275,person275@gmail.com,99535012801,Brahmastra,350,12,03-01-2023,22:08:00
Person276,person276@gmail.com,94827614369,Circus,500,20,03-01-2023,22:08:00
Person277,person277@gmail.com,99365738353,ABCD,250,15,03-01-2023,22:08:00
Person278,person278@gmail.com,94675409055,Pushpa,200,25,03-01-2023,22:08:00
Person279,person279@gmail.com,93324443702,Avatar,400,0,03-01-2023,22:08:00
Person280,person280@gmail.com,93626889309,Super 30,250,20,03-01-2023,22:08:00
Person281,person281@gmail.com,94121700671,Super 30,250,20,03-01-2023,22:08:00
Person282,person282@gmail.com,96894062507,Circus,500,20,03-01-2023,22:08:00
Person283,person283@gmail.com,92580027634,Circus,500,20,03-01-2023,22:08:00
Person284,person284@gmail.com,98934943022,Super 30,250,20,03-01-2023,22:08:00
Person285,person285@gmail.com,95342212773,ABCD,250,15,03-01-2023,22:08:00
Person286,person286@gmail.com,95033260533,Radhe,300,10,03-01-2023,22:08:00
Person287,person287@gmail.com,97714095806,Radhe,300,10,03-01-2023,22:08:00
Person288,person288@gmail.com,91211844862,Bhediya,150,10,03-01-2023,22:08:00
Person289,person289@gmail.com,97114665101,Brahmastra,350,12,03-01-2023,22:08:00
Person290,person290@gmail.com,95619949594,Pushpa,200,25,03-01-2023,22:08:00
Person291,person291@gmail.com,93572956166,Pushpa,200,25,03-01-2023,22:08:00
Person292,person292@gmail.com,99331461941,3 Idiots,200,0,03-01-2023,22:08:00
Person293,person293@gmail.com,93045432230,Brahmastra,350,12,03-01-2023,22:08:00
Person294,person294@gmail.com,98189215804,Circus,500,20,03-01-2023,22:08:00
Person295,person295@gmail.com,94742460458,Super 30,250,20,03-01-2023,22:08:00
Person296,person296@gmail.com,94078500195,Bhediya,150,10,03-01-2023,22:08:00
Person297,person297@gmail.com,93702327246,ABCD,250,15,03-01-2023,22:08:00
Person298,person298@gmail.com,95379219511,ABCD,250,15,03-01-2023,22:08:00
Person299,person299@gmail.com,92062229573,Super 30,250,20,03-01-2023,22:08:00
Person300,person300@gmail.com,97608260624,Super 30,250,20,03-01-2023,22:08:00
Person301,person301@gmail.com,97183798208,Pushpa,200,25,03-01-2023,22:08:00
Person302,person302@gmail.com,92091357418,Avatar,400,0,03-01-2023,22:08:00
Person303,person303@gmail.com,97462454698,Brahmastra,350,12,03-01-2023,22:08:00
Person304,person304@gmail.com,92687531906,Pushpa,200,25,03-01-2023,22:08:00
Person305,person305@gmail.com,95461221133,KGF,300,5,03-01-2023,22:08:00
Person306,person306@gmail.com,98074669942,Radhe,300,10,03-01-2023,22:08:00
Person307,person307@gmail.com,97153703674,Super 30,250,20,03-01-2023,22:08:00
Person308,person308@gmail.com,91587067589,Circus,500,20,03-01-2023,22:08:00
Person309,person309@gmail.com,97825204460,Super 30,250,20,03-01-2023,22:08:00
Person310,person310@gmail.com,95230561525,Radhe,300,10,03-01-2023,22:08:00
Person311,person311@gmail.com,93249805957,ABCD,250,15,03-01-2023,22:08:00
Person312,person312@gmail.com,98171442371,Radhe,300,10,03-01-2023,22:08:00
Person313,person313@gmail.com,95202102327,KGF,300,5,03-01-2023,22:08:00
Person314,person314@gmail.com,96534115637,Bhediya,150,10,03-01-2023,22:08:00
Person315,person315@gmail.com,95351670392,Radhe,300,10,03-01-2023,22:08:00
Person316,person316@gmail.com,92381070258,KGF,300,5,03-01-2023,22:08:00
Person317,person317@gmail.com,93690052461,Circus,500,20,03-01-2023,22:08:00
Person318,person318@gmail.com,97205153195,KGF,300,5,03-01-2023,22:08:00
Person319,person319@gmail.com,94957476170,Super 30,250,20,03-01-2023,22:08:00
Person320,person320@gmail.com,96625669418,KGF,300,5,03-01-2023,22:08:00
Person321,person321@gmail.com,91496124756,Circus,500,20,03-01-2023,22:08:00
Person322,person322@gmail.com,95978660113,Circus,500,20,03-01-2023,22:08:00
Person323,person323@gmail.com,95083716906,KGF,300,5,03-01-2023,22:08:00
Person324,person324@gmail.com,92008266196,Radhe,300,10,03-01-2023,22:08:00
Person325,person325@gmail.com,99987082001,Bhediya,150,10,03-01-2023,22:08:00
Person326,person326@gmail.com,93590685145,KGF,300,5,03-01-2023,22:08:00
Person327,person327@gmail.com,99521108196,Pushpa,200,25,03-01-2023,22:08:00
Person328,person328@gmail.com,91520294538,ABCD,250,15,03-01-2023,22:08:00
Person329,person329@gmail.com,95261298803,Super 30,250,20,03-01-2023,22:08:00
Person330,person330@gmail.com,91982370261,3 Idiots,200,0,03-01-2023,22:08:00
Person331,person331@gmail.com,92415742553,Super 30,250,20,03-01-2023,22:08:00
Person332,person332@gmail.com,98637502985,ABCD,250,15,03-01-2023,22:08:00
Person333,person333@gmail.com,93571350254,ABCD,250,15,03-01-2023,22:08:00
Person334,person334@gmail.com,99194322379,ABCD,250,15,03-01-2023,22:08:00
Person335,person335@gmail.com,93425621529,KGF,300,5,03-01-2023,22:08:00
Person336,person336@gmail.com,99195245777,Super 30,250,20,03-01-2023,22:08:00
Person337,person337@gmail.com,93464545793,Bhediya,150,10,03-01-2023,22:08:00
Person338,person338@gmail.com,91249161744,Radhe,300,10,03-01-2023,22:08:00
Person339,person339@gmail.com,93920835021,Brahmastra,350,12,03-01-2023,22:08:00
Person340,person340@gmail.com,92626353897,KGF,300,5,03-01-2023,22:08:00
Person341,person341@gmail.com,92353858393,Brahmastra,350,12,03-01-2023,22:08:00
Person342,person342@gmail.com,94249079799,Circus,500,20,03-01-2023,22:08:00
Person343,person343@gmail.com,97210902854,Avatar,400,0,03-01-2023,22:08:00
Person344,person344@gmail.com,93046929391,KGF,300,5,03-01-2023,22:08:00
Person345,person345@gmail.com,91949879592,3 Idiots,200,0,03-01-2023,22:08:00
Person346,person346@gmail.com,93777427739,Super 30,250,20,03-01-2023,22:08:00
Person347,person347@gmail.com,92034635206,Avatar,400,0,03-01-2023,22:08:00
Person348,person348@gmail.com,99792172360,Avatar,400,0,03-01-2023,22:08:00
Person349,person349@gmail.com,96444641790,ABCD,250,15,03-01-2023,22:08:00
Person350,person350@gmail.com,92272370687,Bhediya,150,10,03-01-2023,22:08:00
Person351,person351@gmail.com,94132635196,ABCD,250,15,03-01-2023,22:08:00
Person352,person352@gmail.com,98011772863,Circus,500,20,03-01-2023,22:08:00
Person353,person353@gmail.com,95241225946,Radhe,300,10,03-01-2023,22:08:00
Person354,person354@gmail.com,94975494873,Avatar,400,0,03-01-2023,22:08:00
Person355,person355@gmail.com,95471097372,Super 30,250,20,03-01-2023,22:08:00
Person356,person356@gmail.com,91403494233,Bhediya,150,10,03-01-2023,22:08:00
Person357,person357@gmail.com,93680250597,Bhediya,150,10,03-01-2023,22:08:00
Person358,person358@gmail.com,91856619228,Radhe,300,10,03-01-2023,22:08:00
Person359,person359@gmail.com,97636243159,Bhediya,150,10,03-01-2023,22:08:00
Person360,person360@gmail.com,95715177403,Avatar,400,0,03-01-2023,22:08:00
Person361,person361@gmail.com,95463425904,ABCD,250,15,03-01-2023,22:08:00
Person362,person362@gmail.com,95032512471,KGF,300,5,03-01-2023,22:08:00
Person363,person363@gmail.com,92597864657,Avatar,400,0,03-01-2023,22:08:00
Person364,person364@gmail.com,96269486762,Pushpa,200,25,03-01-2023,22:08:00
Person365,person365@gmail.com,99441471156,3 Idiots,200,0,03-01-2023,22:08:00
Person366,person366@gmail.com,94224475312,Bhediya,150,10,03-01-2023,22:08:00
Person367,person367@gmail.com,94858980330,Brahmastra,350,12,03-01-2023,22:08:00
Person368,person368@gmail.com,92141555613,Bhediya,150,10,03-01-2023,22:08:00
Person369,person369@gmail.com,92890076898,Radhe,300,10,03-01-2023,22:08:00
Person370,person370@gmail.com,91728768470,Pushpa,200,25,03-01-2023,22:08:00
Person371,person371@gmail.com,93143005784,Super 30,250,20,03-01-2023,22:08:00
Person372,person372@gmail.com,97661956596,Circus,500,20,03-01-2023,22:08:00
Person373,person373@gmail.com,95263626913,3 Idiots,200,0,03-01-2023,22:08:00
Person374,person374@gmail.com,92507597066,ABCD,250,15,03-01-2023,22:08:00
Person375,person375@gmail.com,98935643714,Pushpa,200,25,03-01-2023,22:08:00
Person376,person376@gmail.com,92444442476,Brahmastra,350,12,03-01-2023,22:08:00
Person377,person377@gmail.com,92148668445,Super 30,250,20,03-01-2023,22:08:00
Person378,person378@gmail.com,97130429279,ABCD,250,15,03-01-2023,22:08:00
Person379,person379@gmail.com,94311808801,KGF,300,5,03-01-2023,22:08:00
Person380,person380@gmail.com,99047665069,Super 30,250,20,03-01-2023,22:08:00
Person381,person381@gmail.com,96958580114,Radhe,300,10,03-01-2023,22:08:00
Person382,person382@gmail.com,96927044058,Bhediya,150,10,03-01-2023,22:08:00
Person383,person383@gmail.com,92381166152,Brahmastra,350,12,03-01-2023,22:08:00
Person384,person384@gmail.com,98415314654,Super 30,250,20,03-01-2023,22:08:00
Person385,person385@gmail.com,92998230608,Super 30,250,20,03-01-2023,22:08:00
Person386,person386@gmail.com,97263444538,Super 30,250,20,03-01-2023,22:08:00
Person387,person387@gmail.com,95668394670,Pushpa,200,25,03-01-2023,22:08:00
Person388,person388@gmail.com,96449909801,Brahmastra,350,12,03-01-2023,22:08:00
Person389,person389@gmail.com,96220849268,Super 30,250,20,03-01-2023,22:08:00
Person390,person390@gmail.com,91159830659,Bhediya,150,10,03-01-2023,22:08:00
Person391,person391@gmail.com,99546778497,ABCD,250,15,03-01-2023,22:08:00
Person392,person392@gmail.com,91842067510,Avatar,400,0,03-01-2023,22:08:00
Person393,person393@gmail.com,99696502568,KGF,300,5,03-01-2023,22:08:00
Person394,person394@gmail.com,95222332638,Avatar,400,0,03-01-2023,22:08:00
Person395,person395@gmail.com,98062999381,Circus,500,20,03-01-2023,22:08:00
Person396,person396@gmail.com,92555853959,3 Idiots,200,0,03-01-2023,22:08:00
Person397,person397@gmail.com,98964962452,Radhe,300,10,03-01-2023,22:08:00
Person398,person398@gmail.com,93540356139,ABCD,250,15,03-01-2023,22:08:00
Person399,person399@gmail.com,98772533445,Bhediya,150,10,03-01-2023,22:08:00
Person400,person400@gmail.com,96790697073,3 Idiots,200,0,03-01-2023,22:08:00
Person401,person401@gmail.com,96717457783,Bhediya,150,10,03-01-2023,22:08:00
Person402,person402@gmail.com,94245156157,ABCD,250,15,03-01-2023,22:08:00
Person403,person403@gmail.com,96097925834,Pushpa,200,25,03-01-2023,22:08:00
Person404,person404@gmail.com,95190260222,Pushpa,200,25,03-01-2023,22:08:00
Person405,person405@gmail.com,98602735929,Circus,500,20,03-01-2023,22:08:00
Person406,person406@gmail.com,99347260050,Bhediya,150,10,03-01-2023,22:08:00
Person407,person407@gmail.com,92040172226,Radhe,300,10,03-01-2023,22:08:00
Person408,person408@gmail.com,91341663520,Bhediya,150,10,03-01-2023,22:08:00
Person409,person409@gmail.com,95569244503,KGF,300,5,03-01-2023,22:08:00
Person410,person410@gmail.com,91437410922,Avatar,400,0,03-01-2023,22:08:00
Person411,person411@gmail.com,94604691103,3 Idiots,200,0,03-01-2023,22:08:00
Person412,person412@gmail.com,99905113572,Avatar,400,0,03-01-2023,22:08:00
Person413,person413@gmail.com,98951919869,Radhe,300,10,03-01-2023,22:08:00
Person414,person414@gmail.com,93549584706,ABCD,250,15,03-01-2023,22:08:00
Person415,person415@gmail.com,91044830052,ABCD,250,15,03-01-2023,22:08:00
Person416,person416@gmail.com,98177597525,Pushpa,200,25,03-01-2023,22:08:00
Person417,person417@gmail.com,96368730656,Avatar,400,0,03-01-2023,22:08:00
Person418,person418@gmail.com,93771562231,3 Idiots,200,0,03-01-2023,22:08:00
Person419,person419@gmail.com,98463949396,Brahmastra,350,12,03-01-2023,22:08:00
Person420,person420@gmail.com,95536259632,Circus,500,20,03-01-2023,22:08:00
Person421,person421@gmail.com,94426824701,Brahmastra,350,12,03-01-2023,22:08:00
Person422,person422@gmail.com,98429326581,Circus,500,20,03-01-2023,22:08:00
Person423,person423@gmail.com,91677221437,3 Idiots,200,0,03-01-2023,22:08:00
Person424,person424@gmail.com,97695840138,Pushpa,200,25,03-01-2023,22:08:00
Person425,person425@gmail.com,98267636821,Brahmastra,350,12,03-01-2023,22:08:00
Person426,person426@gmail.com,92043970992,Pushpa,200,25,03-01-2023,22:08:00
Person427,person427@gmail.com,93573021131,Bhediya,150,10,03-01-2023,22:08:00
Person428,person428@gmail.com,91816415514,Avatar,400,0,03-01-2023,22:08:00
Person429,person429@gmail.com,95755422519,Brahmastra,350,12,03-01-2023,22:08:00
Person430,person430@gmail.com,95809198177,Pushpa,200,25,03-01-2023,22:08:00
Person431,person431@gmail.com,92962882576,3 Idiots,200,0,03-01-2023,22:08:00
Person432,person432@gmail.com,97267168990,3 Idiots,200,0,03-01-2023,22:08:00
Person433,person433@gmail.com,94741678845,Super 30,250,20,03-01-2023,22:08:00
Person434,person434@gmail.com,92219786353,Pushpa,200,25,03-01-2023,22:08:00
Person435,person435@gmail.com,96868076319,ABCD,250,15,03-01-2023,22:08:00
Person436,person436@gmail.com,93552032845,KGF,300,5,03-01-2023,22:08:00
Person437,person437@gmail.com,92640964858,KGF,300,5,03-01-2023,22:08:00
Person438,person438@gmail.com,99179163811,ABCD,250,15,03-01-2023,22:08:00
Person439,person439@gmail.com,97358535933,Bhediya,150,10,03-01-2023,22:08:00
Person440,person440@gmail.com,99991092307,Super 30,250,20,03-01-2023,22:08:00
Person441,person441@gmail.com,97434682376,Bhediya,150,10,03-01-2023,22:08:00
Person442,person442@gmail.com,95690594129,KGF,300,5,03-01-2023,22:08:00
Person443,person443@gmail.com,99592572771,Circus,500,20,03-01-2023,22:08:00
Person444,person444@gmail.com,97911319228,Radhe,300,10,03-01-2023,22:08:00
Person445,person445@gmail.com,99804060896,Bhediya,150,10,03-01-2023,22:08:00
Person446,person446@gmail.com,98312620587,Brahmastra,350,12,03-01-2023,22:08:00
Person447,person447@gmail.com,98589431745,Radhe,300,10,03-01-2023,22:08:00
Person448,person448@gmail.com,95282550065,Pushpa,200,25,03-01-2023,22:08:00
Person449,person449@gmail.com,93960703985,Radhe,300,10,03-01-2023,22:08:00
Person450,person450@gmail.com,95526098047,Bhediya,150,10,03-01-2023,22:08:00
Person451,person451@gmail.com,92148734332,3 Idiots,200,0,03-01-2023,22:08:00
Person452,person452@gmail.com,91770654480,3 Idiots,200,0,03-01-2023,22:08:00
Person453,person453@gmail.com,95327371202,Super 30,250,20,03-01-2023,22:08:00
Person454,person454@gmail.com,92671335299,KGF,300,5,03-01-2023,22:08:00
Person455,person455@gmail.com,98929424095,Avatar,400,0,03-01-2023,22:08:00
Person456,person456@gmail.com,99767264233,Bhediya,150,10,03-01-2023,22:08:00
Person457,person457@gmail.com,92512675694,Radhe,300,10,03-01-2023,22:08:00
Person458,person458@gmail.com,95463015080,Circus,500,20,03-01-2023,22:08:00
Person459,person459@gmail.com,94715580785,KGF,300,5,03-01-2023,22:08:00
Person460,person460@gmail.com,96219101142,Super 30,250,20,03-01-2023,22:08:00
Person461,person461@gmail.com,92056575680,Brahmastra,350,12,03-01-2023,22:08:00
Person462,person462@gmail.com,91871109798,Super 30,250,20,03-01-2023,22:08:00
Person463,person463@gmail.com,95730185023,Bhediya,150,10,03-01-2023,22:08:00
Person464,person464@gmail.com,97199470330,Radhe,300,10,03-01-2023,22:08:00
Person465,person465@gmail.com,95390419474,Super 30,250,20,03-01-2023,22:08:00
Person466,person466@gmail.com,95721885846,Avatar,400,0,03-01-2023,22:08:00
Person467,person467@gmail.com,96235956492,Super 30,250,20,03-01-2023,22:08:00
Person468,person468@gmail.com,98776664927,ABCD,250,15,03-01-2023,22:08:00
Person469,person469@gmail.com,95729208265,Avatar,400,0,03-01-2023,22:08:00
Person470,person470@gmail.com,96585619314,Super 30,250,20,03-01-2023,22:08:00
Person471,person471@gmail.com,96825245838,Pushpa,200,25,03-01-2023,22:08:00
Person472,person472@gmail.com,97002490590,Super 30,250,20,03-01-2023,22:08:00
Person473,person473@gmail.com,97977859199,Avatar,400,0,03-01-2023,22:08:00
Person474,person474@gmail.com,94187876880,3 Idiots,200,0,03-01-2023,22:08:00
Person475,person475@gmail.com,95771733083,Bhediya,150,10,03-01-2023,22:08:00
Person476,person476@gmail.com,97859587980,Bhediya,150,10,03-01-2023,22:08:00
Person477,person477@gmail.com,95577696777,ABCD,250,15,03-01-2023,22:08:00
Person478,person478@gmail.com,99886212616,Circus,500,20,03-01-2023,22:08:00
Person479,person479@gmail.com,97355932917,3 Idiots,200,0,03-01-2023,22:08:00
Person480,person480@gmail.com,95917555762,Super 30,250,20,03-01-2023,22:08:00
Person481,person481@gmail.com,99088089045,Pushpa,200,25,03-01-2023,22:08:00
Person482,person482@gmail.com,96189188674,3 Idiots,200,0,03-01-2023,22:08:00
Person483,person483@gmail.com,91547303946,KGF,300,5,03-01-2023,22:08:00
Person484,person484@gmail.com,94550630377,Super 30,250,20,03-01-2023,22:08:00
Person485,person485@gmail.com,98755973212,3 Idiots,200,0,03-01-2023,22:08:00
Person486,person486@gmail.com,96244434844,Brahmastra,350,12,03-01-2023,22:08:00
Person487,person487@gmail.com,95148920341,Brahmastra,350,12,03-01-2023,22:08:00
Person488,person488@gmail.com,98568319917,Radhe,300,10,03-01-2023,22:08:00
Person489,person489@gmail.com,94888988418,ABCD,250,15,03-01-2023,22:08:00
Person490,person490@gmail.com,99416273226,Radhe,300,10,03-01-2023,22:08:00
Person491,person491@gmail.com,99214557075,3 Idiots,200,0,03-01-2023,22:08:00
Person492,person492@gmail.com,95008041767,3 Idiots,200,0,03-01-2023,22:08:00
Person493,person493@gmail.com,95354684058,Super 30,250,20,03-01-2023,22:08:00
Person494,person494@gmail.com,98926419019,Avatar,400,0,03-01-2023,22:08:00
Person495,person495@gmail.com,91066645539,3 Idiots,200,0,03-01-2023,22:08:00
Person496,person496@gmail.com,97258337838,Brahmastra,350,12,03-01-2023,22:08:00
Person497,person497@gmail.com,94051537103,KGF,300,5,03-01-2023,22:08:00
Person498,person498@gmail.com,91169315798,Brahmastra,350,12,03-01-2023,22:08:00
Person499,person499@gmail.com,94786713843,Circus,500,20,03-01-2023,22:08:00
Person500,person500@gmail.com,96210591422,3 Idiots,200,0,03-01-2023,22:08:00
